employee_id,department,commute_time_minutes
Employee_0001,Department_C,28.7
Employee_0002,Department_B,55.0
Employee_0003,Department_D,33.8
Employee_0004,Department_C,36.8
Employee_0005,Department_A,35.6
Employee_0006,Department_D,48.8
Employee_0007,Department_C,33.0
Employee_0008,Department_C,37.0
Employee_0009,Department_A,39.4
Employee_0010,Department_B,36.9
Employee_0011,Department_B,50.3
Employee_0012,Department_D,49.6
Employee_0013,Department_C,39.0
Employee_0014,Department_D,42.3
Employee_0015,Department_B,53.8
Employee_0016,Department_A,39.4
Employee_0017,Department_C,36.6
Employee_0018,Department_A,43.2
Employee_0019,Department_D,65.7
Employee_0020,Department_C,25.3
Employee_0021,Department_C,48.5
Employee_0022,Department_B,24.2
Employee_0023,Department_D,49.4
Employee_0024,Department_D,64.3
Employee_0025,Department_C,45.4
Employee_0026,Department_A,43.9
Employee_0027,Department_B,38.8
Employee_0028,Department_A,42.3
Employee_0029,Department_A,39.2
Employee_0030,Department_C,31.4
Employee_0031,Department_C,36.8
Employee_0032,Department_D,49.2
Employee_0033,Department_B,36.6
Employee_0034,Department_B,36.1
Employee_0035,Department_B,30.0
Employee_0036,Department_A,46.3
Employee_0037,Department_A,48.0
Employee_0038,Department_B,47.5
Employee_0039,Department_A,52.6
Employee_0040,Department_C,41.0
Employee_0041,Department_B,49.3
Employee_0042,Department_D,50.3
Employee_0043,Department_C,39.0
Employee_0044,Department_B,39.2
Employee_0045,Department_D,71.4
Employee_0046,Department_D,42.0
Employee_0047,Department_B,37.7
Employee_0048,Department_A,46.8
Employee_0049,Department_C,42.8
Employee_0050,Department_A,26.5
Employee_0051,Department_A,54.3
Employee_0052,Department_A,41.0
Employee_0053,Department_C,27.8
Employee_0054,Department_C,53.1
Employee_0055,Department_C,46.9
Employee_0056,Department_C,26.1
Employee_0057,Department_B,64.5
Employee_0058,Department_C,47.2
Employee_0059,Department_A,41.9
Employee_0060,Department_A,59.5
Employee_0061,Department_C,41.8
Employee_0062,Department_B,44.7
Employee_0063,Department_C,32.7
Employee_0064,Department_C,46.4
Employee_0065,Department_C,45.2
Employee_0066,Department_C,40.2
Employee_0067,Department_C,31.3
Employee_0068,Department_B,46.4
Employee_0069,Department_A,41.2
Employee_0070,Department_B,30.3
Employee_0071,Department_A,25.8
Employee_0072,Department_B,51.2
Employee_0073,Department_D,18.4
Employee_0074,Department_A,44.3
Employee_0075,Department_A,36.7
Employee_0076,Department_A,56.4
Employee_0077,Department_A,36.6
Employee_0078,Department_C,47.3
Employee_0079,Department_C,35.6
Employee_0080,Department_C,41.3
Employee_0081,Department_C,48.1
Employee_0082,Department_B,39.9
Employee_0083,Department_D,58.0
Employee_0084,Department_A,31.1
Employee_0085,Department_A,45.2
Employee_0086,Department_A,52.1
Employee_0087,Department_C,47.3
Employee_0088,Department_B,66.1
Employee_0089,Department_A,33.6
Employee_0090,Department_B,29.8
Employee_0091,Department_A,31.1
Employee_0092,Department_C,47.3
Employee_0093,Department_B,50.5
Employee_0094,Department_B,46.1
Employee_0095,Department_B,32.6
Employee_0096,Department_C,48.4
Employee_0097,Department_B,31.5
Employee_0098,Department_A,54.7
Employee_0099,Department_A,73.4
Employee_0100,Department_D,51.0
Employee_0101,Department_D,53.4
Employee_0102,Department_C,34.6
Employee_0103,Department_A,22.1
Employee_0104,Department_D,40.4
Employee_0105,Department_C,28.0
Employee_0106,Department_C,24.1
Employee_0107,Department_B,63.9
Employee_0108,Department_A,45.0
Employee_0109,Department_A,46.2
Employee_0110,Department_D,43.6
Employee_0111,Department_B,43.1
Employee_0112,Department_A,52.6
Employee_0113,Department_B,44.6
Employee_0114,Department_C,45.8
Employee_0115,Department_A,39.8
Employee_0116,Department_D,43.2
Employee_0117,Department_C,24.5
Employee_0118,Department_C,18.2
Employee_0119,Department_B,42.1
Employee_0120,Department_C,40.6
Employee_0121,Department_C,25.9
Employee_0122,Department_C,39.6
Employee_0123,Department_A,42.6
Employee_0124,Department_B,21.3
Employee_0125,Department_A,31.9
Employee_0126,Department_B,49.5
Employee_0127,Department_B,49.3
Employee_0128,Department_A,29.3
Employee_0129,Department_A,43.7
Employee_0130,Department_C,51.2
Employee_0131,Department_A,50.5
Employee_0132,Department_D,46.0
Employee_0133,Department_C,34.9
Employee_0134,Department_B,38.1
Employee_0135,Department_C,45.1
Employee_0136,Department_A,44.1
Employee_0137,Department_D,53.9
Employee_0138,Department_B,46.5
Employee_0139,Department_C,49.0
Employee_0140,Department_A,43.0
Employee_0141,Department_B,53.6
Employee_0142,Department_B,54.6
Employee_0143,Department_D,38.2
Employee_0144,Department_C,20.1
Employee_0145,Department_B,62.0
Employee_0146,Department_A,44.8
Employee_0147,Department_B,26.1
Employee_0148,Department_B,37.1
Employee_0149,Department_B,53.5
Employee_0150,Department_A,38.9
Employee_0151,Department_D,41.4
Employee_0152,Department_D,62.4
Employee_0153,Department_A,30.5
Employee_0154,Department_C,31.2
Employee_0155,Department_A,44.3
Employee_0156,Department_C,44.3
Employee_0157,Department_A,47.5
Employee_0158,Department_C,50.0
Employee_0159,Department_C,42.2
Employee_0160,Department_C,45.4
Employee_0161,Department_A,39.1
Employee_0162,Department_D,47.7
Employee_0163,Department_A,43.2
Employee_0164,Department_A,44.4
Employee_0165,Department_C,48.5
Employee_0166,Department_B,51.1
Employee_0167,Department_D,47.5
Employee_0168,Department_D,38.1
Employee_0169,Department_B,45.7
Employee_0170,Department_D,46.7
Employee_0171,Department_A,44.1
Employee_0172,Department_B,69.3
Employee_0173,Department_A,36.2
Employee_0174,Department_D,51.6
Employee_0175,Department_A,53.8
Employee_0176,Department_A,43.1
Employee_0177,Department_B,70.7
Employee_0178,Department_D,42.8
Employee_0179,Department_D,50.6
Employee_0180,Department_C,31.2
Employee_0181,Department_D,43.1
Employee_0182,Department_D,49.7
Employee_0183,Department_B,54.3
Employee_0184,Department_B,48.5
Employee_0185,Department_C,53.9
Employee_0186,Department_C,39.0
Employee_0187,Department_B,41.3
Employee_0188,Department_A,71.7
Employee_0189,Department_C,44.3
Employee_0190,Department_A,34.1
Employee_0191,Department_D,39.4
Employee_0192,Department_A,31.6
Employee_0193,Department_A,52.3
Employee_0194,Department_D,43.0
Employee_0195,Department_A,43.4
Employee_0196,Department_A,41.3
Employee_0197,Department_C,48.0
Employee_0198,Department_D,37.7
Employee_0199,Department_A,30.2
Employee_0200,Department_B,47.5
Employee_0201,Department_C,46.6
Employee_0202,Department_D,50.7
Employee_0203,Department_B,36.1
Employee_0204,Department_A,49.5
Employee_0205,Department_A,33.8
Employee_0206,Department_A,36.3
Employee_0207,Department_A,31.6
Employee_0208,Department_C,54.3
Employee_0209,Department_A,49.0
Employee_0210,Department_B,51.7
Employee_0211,Department_C,53.7
Employee_0212,Department_C,70.9
Employee_0213,Department_A,23.2
Employee_0214,Department_D,38.9
Employee_0215,Department_C,33.2
Employee_0216,Department_C,30.6
Employee_0217,Department_A,30.1
Employee_0218,Department_A,38.7
Employee_0219,Department_D,33.6
Employee_0220,Department_B,48.7
Employee_0221,Department_B,45.6
Employee_0222,Department_B,50.3
Employee_0223,Department_C,45.6
Employee_0224,Department_D,53.6
Employee_0225,Department_A,37.9
Employee_0226,Department_D,70.3
Employee_0227,Department_A,44.6
Employee_0228,Department_C,19.5
Employee_0229,Department_C,29.0
Employee_0230,Department_A,22.9
Employee_0231,Department_A,42.2
Employee_0232,Department_B,43.7
Employee_0233,Department_D,41.8
Employee_0234,Department_C,62.1
Employee_0235,Department_D,53.0
Employee_0236,Department_D,55.0
Employee_0237,Department_B,34.8
Employee_0238,Department_C,29.0
Employee_0239,Department_A,42.4
Employee_0240,Department_A,43.9
Employee_0241,Department_D,26.6
Employee_0242,Department_C,38.0
Employee_0243,Department_A,42.2
Employee_0244,Department_B,42.6
Employee_0245,Department_C,31.1
Employee_0246,Department_D,41.1
Employee_0247,Department_C,38.1
Employee_0248,Department_B,46.0
Employee_0249,Department_B,51.7
Employee_0250,Department_B,56.9
Employee_0251,Department_C,36.8
Employee_0252,Department_D,42.0
Employee_0253,Department_B,49.8
Employee_0254,Department_A,48.7
Employee_0255,Department_A,37.2
Employee_0256,Department_C,48.7
Employee_0257,Department_D,57.8
Employee_0258,Department_A,56.2
Employee_0259,Department_A,61.6
Employee_0260,Department_C,30.5
Employee_0261,Department_A,42.2
Employee_0262,Department_D,47.1
Employee_0263,Department_B,43.9
Employee_0264,Department_A,34.9
Employee_0265,Department_D,30.7
Employee_0266,Department_A,43.0
Employee_0267,Department_A,33.5
Employee_0268,Department_A,42.9
Employee_0269,Department_A,33.3
Employee_0270,Department_A,29.9
Employee_0271,Department_A,44.6
Employee_0272,Department_A,43.7
Employee_0273,Department_A,48.4
Employee_0274,Department_C,64.0
Employee_0275,Department_C,43.1
Employee_0276,Department_B,50.3
Employee_0277,Department_B,33.1
Employee_0278,Department_B,30.8
Employee_0279,Department_D,64.4
Employee_0280,Department_D,36.8
Employee_0281,Department_A,30.5
Employee_0282,Department_A,41.6
Employee_0283,Department_A,41.0
Employee_0284,Department_A,32.1
Employee_0285,Department_C,36.6
Employee_0286,Department_B,58.5
Employee_0287,Department_A,33.1
Employee_0288,Department_B,29.7
Employee_0289,Department_B,55.4
Employee_0290,Department_A,47.4
Employee_0291,Department_D,40.2
Employee_0292,Department_A,24.6
Employee_0293,Department_D,38.8
Employee_0294,Department_A,41.4
Employee_0295,Department_D,59.8
Employee_0296,Department_D,35.6
Employee_0297,Department_D,46.1
Employee_0298,Department_D,54.4
Employee_0299,Department_C,13.8
Employee_0300,Department_C,51.4
Employee_0301,Department_C,27.0
Employee_0302,Department_A,45.7
Employee_0303,Department_B,47.7
Employee_0304,Department_B,56.9
Employee_0305,Department_D,53.1
Employee_0306,Department_B,18.8
Employee_0307,Department_B,36.4
Employee_0308,Department_C,41.5
Employee_0309,Department_A,39.9
Employee_0310,Department_A,47.3
Employee_0311,Department_B,53.7
Employee_0312,Department_B,51.7
Employee_0313,Department_A,39.6
Employee_0314,Department_B,24.7
Employee_0315,Department_B,40.0
Employee_0316,Department_B,49.6
Employee_0317,Department_B,33.0
Employee_0318,Department_C,46.9
Employee_0319,Department_A,52.0
Employee_0320,Department_D,48.4
Employee_0321,Department_D,13.3
Employee_0322,Department_B,30.9
Employee_0323,Department_B,65.7
Employee_0324,Department_B,39.0
Employee_0325,Department_D,25.2
Employee_0326,Department_C,53.6
Employee_0327,Department_D,47.1
Employee_0328,Department_B,57.2
Employee_0329,Department_C,43.0
Employee_0330,Department_A,47.0
Employee_0331,Department_C,44.0
Employee_0332,Department_A,49.7
Employee_0333,Department_C,65.1
Employee_0334,Department_D,57.7
Employee_0335,Department_A,24.6
Employee_0336,Department_C,44.9
Employee_0337,Department_A,54.6
Employee_0338,Department_C,53.2
Employee_0339,Department_A,37.3
Employee_0340,Department_D,59.8
Employee_0341,Department_A,52.2
Employee_0342,Department_D,75.3
Employee_0343,Department_D,38.7
Employee_0344,Department_C,34.4
Employee_0345,Department_C,36.6
Employee_0346,Department_C,34.6
Employee_0347,Department_D,37.2
Employee_0348,Department_A,11.6
Employee_0349,Department_C,35.2
Employee_0350,Department_A,46.1
Employee_0351,Department_C,34.6
Employee_0352,Department_A,63.3
Employee_0353,Department_C,40.1
Employee_0354,Department_C,54.2
Employee_0355,Department_B,47.9
Employee_0356,Department_B,54.1
Employee_0357,Department_C,43.1
Employee_0358,Department_C,55.1
Employee_0359,Department_B,45.6
Employee_0360,Department_C,45.5
Employee_0361,Department_D,51.0
Employee_0362,Department_A,38.8
Employee_0363,Department_A,46.5
Employee_0364,Department_A,66.6
Employee_0365,Department_C,37.0
Employee_0366,Department_B,49.6
Employee_0367,Department_C,53.8
Employee_0368,Department_C,52.5
Employee_0369,Department_B,45.1
Employee_0370,Department_D,20.8
Employee_0371,Department_C,45.7
Employee_0372,Department_A,17.6
Employee_0373,Department_B,61.2
Employee_0374,Department_B,46.9
Employee_0375,Department_A,53.0
Employee_0376,Department_A,32.1
Employee_0377,Department_D,29.9
Employee_0378,Department_B,47.9
Employee_0379,Department_B,44.6
Employee_0380,Department_C,34.6
Employee_0381,Department_C,40.9
Employee_0382,Department_D,77.4
Employee_0383,Department_C,49.2
Employee_0384,Department_B,56.5
Employee_0385,Department_B,54.3
Employee_0386,Department_D,63.3
Employee_0387,Department_C,37.9
Employee_0388,Department_D,24.4
Employee_0389,Department_A,39.9
Employee_0390,Department_D,55.9
Employee_0391,Department_C,29.3
Employee_0392,Department_A,40.1
Employee_0393,Department_C,32.4
Employee_0394,Department_C,56.5
Employee_0395,Department_A,50.2
Employee_0396,Department_B,52.2
Employee_0397,Department_D,53.8
Employee_0398,Department_A,41.6
Employee_0399,Department_B,47.2
Employee_0400,Department_B,32.0
Employee_0401,Department_B,20.9
Employee_0402,Department_D,48.7
Employee_0403,Department_C,43.6
Employee_0404,Department_A,55.3
Employee_0405,Department_D,64.3
Employee_0406,Department_D,64.3
Employee_0407,Department_A,31.0
Employee_0408,Department_D,43.1
Employee_0409,Department_A,47.3
Employee_0410,Department_D,74.9
Employee_0411,Department_C,56.3
Employee_0412,Department_C,52.3
Employee_0413,Department_A,37.7
Employee_0414,Department_D,37.3
Employee_0415,Department_A,50.7
Employee_0416,Department_A,29.9
Employee_0417,Department_A,39.4
Employee_0418,Department_C,38.7
Employee_0419,Department_A,59.5
Employee_0420,Department_D,43.1
Employee_0421,Department_C,13.2
Employee_0422,Department_A,47.5
Employee_0423,Department_A,34.3
Employee_0424,Department_A,42.5
Employee_0425,Department_C,39.0
Employee_0426,Department_D,44.0
Employee_0427,Department_A,50.7
Employee_0428,Department_D,30.1
Employee_0429,Department_A,36.3
Employee_0430,Department_D,54.5
Employee_0431,Department_D,40.2
Employee_0432,Department_C,22.3
Employee_0433,Department_C,47.4
Employee_0434,Department_D,59.4
Employee_0435,Department_A,41.5
Employee_0436,Department_A,20.4
Employee_0437,Department_A,49.8
Employee_0438,Department_B,26.7
Employee_0439,Department_C,43.4
Employee_0440,Department_C,30.2
Employee_0441,Department_D,34.2
Employee_0442,Department_A,37.1
Employee_0443,Department_C,38.0
Employee_0444,Department_A,34.9
Employee_0445,Department_A,48.5
Employee_0446,Department_C,35.1
Employee_0447,Department_D,57.8
Employee_0448,Department_C,43.1
Employee_0449,Department_A,34.3
Employee_0450,Department_C,30.5
Employee_0451,Department_A,23.9
Employee_0452,Department_D,50.2
Employee_0453,Department_C,36.1
Employee_0454,Department_A,15.9
Employee_0455,Department_A,36.1
Employee_0456,Department_A,32.1
Employee_0457,Department_D,64.3
Employee_0458,Department_B,26.3
Employee_0459,Department_C,24.1
Employee_0460,Department_C,52.2
Employee_0461,Department_C,54.9
Employee_0462,Department_A,33.8
Employee_0463,Department_D,40.0
Employee_0464,Department_B,51.8
Employee_0465,Department_C,14.4
Employee_0466,Department_C,19.5
Employee_0467,Department_C,36.9
Employee_0468,Department_D,64.0
Employee_0469,Department_A,37.2
Employee_0470,Department_B,46.1
Employee_0471,Department_B,57.5
Employee_0472,Department_B,68.2
Employee_0473,Department_A,35.7
Employee_0474,Department_A,41.8
Employee_0475,Department_A,62.0
Employee_0476,Department_B,28.3
Employee_0477,Department_B,56.3
Employee_0478,Department_C,28.8
Employee_0479,Department_C,41.1
Employee_0480,Department_B,42.3
Employee_0481,Department_B,34.5
Employee_0482,Department_A,31.2
Employee_0483,Department_C,43.0
Employee_0484,Department_B,56.0
Employee_0485,Department_A,40.6
Employee_0486,Department_B,45.8
Employee_0487,Department_B,51.3
Employee_0488,Department_A,31.3
Employee_0489,Department_C,48.1
Employee_0490,Department_C,49.0
Employee_0491,Department_C,68.6
Employee_0492,Department_C,35.9
Employee_0493,Department_C,35.0
Employee_0494,Department_B,53.5
Employee_0495,Department_C,49.0
Employee_0496,Department_B,39.1
Employee_0497,Department_B,40.6
Employee_0498,Department_C,46.0
Employee_0499,Department_B,35.9
Employee_0500,Department_B,40.5
Employee_0501,Department_C,41.0
Employee_0502,Department_D,58.0
Employee_0503,Department_D,40.3
Employee_0504,Department_B,24.7
Employee_0505,Department_B,23.9
Employee_0506,Department_C,26.1
Employee_0507,Department_B,30.6
Employee_0508,Department_D,45.3
Employee_0509,Department_B,31.9
Employee_0510,Department_A,34.3
Employee_0511,Department_A,33.5
Employee_0512,Department_D,42.2
Employee_0513,Department_A,56.5
Employee_0514,Department_A,49.3
Employee_0515,Department_B,45.2
Employee_0516,Department_A,36.9
Employee_0517,Department_B,40.2
Employee_0518,Department_C,43.6
Employee_0519,Department_A,48.4
Employee_0520,Department_D,37.0
Employee_0521,Department_D,47.4
Employee_0522,Department_B,22.7
Employee_0523,Department_A,44.3
Employee_0524,Department_C,48.4
Employee_0525,Department_A,38.9
Employee_0526,Department_B,65.0
Employee_0527,Department_D,37.3
Employee_0528,Department_D,49.4
Employee_0529,Department_C,39.6
Employee_0530,Department_B,43.9
Employee_0531,Department_C,38.7
Employee_0532,Department_C,41.2
Employee_0533,Department_B,54.3
Employee_0534,Department_C,55.2
Employee_0535,Department_A,42.0
Employee_0536,Department_A,51.0
Employee_0537,Department_B,37.3
Employee_0538,Department_A,50.4
Employee_0539,Department_A,33.6
Employee_0540,Department_D,59.0
Employee_0541,Department_D,71.3
Employee_0542,Department_C,38.7
Employee_0543,Department_D,22.9
Employee_0544,Department_D,41.0
Employee_0545,Department_A,55.6
Employee_0546,Department_B,51.1
Employee_0547,Department_B,47.7
Employee_0548,Department_A,53.1
Employee_0549,Department_C,45.3
Employee_0550,Department_B,58.4
Employee_0551,Department_B,55.1
Employee_0552,Department_A,58.7
Employee_0553,Department_A,45.9
Employee_0554,Department_D,57.0
Employee_0555,Department_A,38.6
Employee_0556,Department_A,35.4
Employee_0557,Department_A,60.8
Employee_0558,Department_B,47.4
Employee_0559,Department_C,48.9
Employee_0560,Department_B,46.4
Employee_0561,Department_A,35.5
Employee_0562,Department_A,42.1
Employee_0563,Department_D,62.8
Employee_0564,Department_C,46.1
Employee_0565,Department_C,21.2
Employee_0566,Department_C,37.6
Employee_0567,Department_C,59.6
Employee_0568,Department_A,39.6
Employee_0569,Department_B,25.2
Employee_0570,Department_B,65.8
Employee_0571,Department_B,52.5
Employee_0572,Department_D,46.2
Employee_0573,Department_B,40.9
Employee_0574,Department_C,51.9
Employee_0575,Department_D,41.0
Employee_0576,Department_B,57.6
Employee_0577,Department_D,53.0
Employee_0578,Department_C,42.7
Employee_0579,Department_D,48.6
Employee_0580,Department_B,43.1
Employee_0581,Department_B,56.5
Employee_0582,Department_B,35.5
Employee_0583,Department_A,24.2
Employee_0584,Department_B,51.8
Employee_0585,Department_D,53.9
Employee_0586,Department_C,45.3
Employee_0587,Department_A,46.5
Employee_0588,Department_B,41.5
Employee_0589,Department_A,50.7
Employee_0590,Department_A,41.5
Employee_0591,Department_D,41.6
Employee_0592,Department_B,41.6
Employee_0593,Department_B,67.2
Employee_0594,Department_C,20.9
Employee_0595,Department_A,47.5
Employee_0596,Department_A,23.5
Employee_0597,Department_C,38.8
Employee_0598,Department_C,35.2
Employee_0599,Department_D,24.1
Employee_0600,Department_C,44.3
Employee_0601,Department_B,40.8
Employee_0602,Department_C,16.9
Employee_0603,Department_D,56.2
Employee_0604,Department_C,55.8
Employee_0605,Department_D,63.4
Employee_0606,Department_C,43.9
Employee_0607,Department_D,47.5
Employee_0608,Department_A,56.6
Employee_0609,Department_C,58.5
Employee_0610,Department_B,57.5
Employee_0611,Department_C,29.6
Employee_0612,Department_C,42.2
Employee_0613,Department_D,51.8
Employee_0614,Department_D,27.1
Employee_0615,Department_A,47.2
Employee_0616,Department_C,65.0
Employee_0617,Department_C,47.0
Employee_0618,Department_B,61.2
Employee_0619,Department_A,44.0
Employee_0620,Department_A,41.2
Employee_0621,Department_C,44.2
Employee_0622,Department_B,36.0
Employee_0623,Department_D,36.4
Employee_0624,Department_B,58.9
Employee_0625,Department_D,62.1
Employee_0626,Department_B,34.1
Employee_0627,Department_C,50.6
Employee_0628,Department_A,41.0
Employee_0629,Department_C,43.7
Employee_0630,Department_D,52.1
Employee_0631,Department_D,57.9
Employee_0632,Department_D,47.9
Employee_0633,Department_A,57.5
Employee_0634,Department_B,48.4
Employee_0635,Department_A,48.9
Employee_0636,Department_A,32.8
Employee_0637,Department_C,63.7
Employee_0638,Department_C,45.2
Employee_0639,Department_C,47.8
Employee_0640,Department_D,29.3
Employee_0641,Department_C,31.0
Employee_0642,Department_D,60.6
Employee_0643,Department_A,45.2
Employee_0644,Department_A,20.9
Employee_0645,Department_C,51.4
Employee_0646,Department_D,41.0
Employee_0647,Department_A,57.5
Employee_0648,Department_B,44.0
Employee_0649,Department_C,42.3
Employee_0650,Department_A,55.0
Employee_0651,Department_B,35.1
Employee_0652,Department_D,36.1
Employee_0653,Department_C,37.8
Employee_0654,Department_A,51.1
Employee_0655,Department_D,32.4
Employee_0656,Department_B,26.7
Employee_0657,Department_D,56.1
Employee_0658,Department_A,35.4
Employee_0659,Department_C,35.7
Employee_0660,Department_B,24.6
Employee_0661,Department_A,34.5
Employee_0662,Department_D,46.9
Employee_0663,Department_A,52.2
Employee_0664,Department_A,33.5
Employee_0665,Department_B,63.2
Employee_0666,Department_C,32.5
Employee_0667,Department_D,39.5
Employee_0668,Department_D,63.9
Employee_0669,Department_A,44.3
Employee_0670,Department_B,38.9
Employee_0671,Department_A,40.3
Employee_0672,Department_C,54.9
Employee_0673,Department_D,63.1
Employee_0674,Department_C,31.0
Employee_0675,Department_C,39.5
Employee_0676,Department_B,46.0
Employee_0677,Department_D,36.2
Employee_0678,Department_B,44.4
Employee_0679,Department_A,42.1
Employee_0680,Department_B,57.5
Employee_0681,Department_A,55.3
Employee_0682,Department_A,38.4
Employee_0683,Department_A,39.6
Employee_0684,Department_B,52.3
Employee_0685,Department_C,33.6
Employee_0686,Department_B,51.5
Employee_0687,Department_B,44.0
Employee_0688,Department_D,36.3
Employee_0689,Department_C,29.5
Employee_0690,Department_B,60.9
Employee_0691,Department_A,40.3
Employee_0692,Department_D,65.0
Employee_0693,Department_A,36.4
Employee_0694,Department_B,48.2
Employee_0695,Department_D,73.3
Employee_0696,Department_B,33.4
Employee_0697,Department_C,19.1
Employee_0698,Department_C,54.2
Employee_0699,Department_C,30.9
Employee_0700,Department_A,41.8
Employee_0701,Department_A,35.6
Employee_0702,Department_B,47.9
Employee_0703,Department_A,31.5
Employee_0704,Department_D,45.0
Employee_0705,Department_A,46.9
Employee_0706,Department_C,28.9
Employee_0707,Department_C,32.3
Employee_0708,Department_C,36.2
Employee_0709,Department_B,29.3
Employee_0710,Department_B,40.4
Employee_0711,Department_D,48.3
Employee_0712,Department_C,35.6
Employee_0713,Department_D,44.0
Employee_0714,Department_D,46.8
Employee_0715,Department_C,32.8
Employee_0716,Department_A,49.6
Employee_0717,Department_C,55.8
Employee_0718,Department_A,36.9
Employee_0719,Department_C,45.3
Employee_0720,Department_D,44.4
Employee_0721,Department_B,49.0
Employee_0722,Department_B,62.2
Employee_0723,Department_A,47.6
Employee_0724,Department_D,27.5
Employee_0725,Department_A,47.0
Employee_0726,Department_A,55.6
Employee_0727,Department_A,39.6
Employee_0728,Department_A,53.0
Employee_0729,Department_B,37.4
Employee_0730,Department_B,28.7
Employee_0731,Department_B,46.6
Employee_0732,Department_A,22.7
Employee_0733,Department_A,39.4
Employee_0734,Department_B,59.2
Employee_0735,Department_A,21.0
Employee_0736,Department_C,25.9
Employee_0737,Department_A,30.6
Employee_0738,Department_B,44.3
Employee_0739,Department_B,41.0
Employee_0740,Department_B,60.4
Employee_0741,Department_A,52.5
Employee_0742,Department_A,47.4
Employee_0743,Department_D,48.6
Employee_0744,Department_A,46.3
Employee_0745,Department_B,35.5
Employee_0746,Department_B,54.4
Employee_0747,Department_B,32.8
Employee_0748,Department_B,54.2
Employee_0749,Department_C,53.0
Employee_0750,Department_D,49.3
Employee_0751,Department_A,40.1
Employee_0752,Department_B,49.4
Employee_0753,Department_A,10.5
Employee_0754,Department_B,48.3
Employee_0755,Department_C,38.8
Employee_0756,Department_A,41.4
Employee_0757,Department_B,52.8
Employee_0758,Department_D,46.2
Employee_0759,Department_A,29.5
Employee_0760,Department_B,43.4
Employee_0761,Department_C,40.7
Employee_0762,Department_A,43.3
Employee_0763,Department_A,43.8
Employee_0764,Department_A,53.4
Employee_0765,Department_D,35.1
Employee_0766,Department_A,43.9
Employee_0767,Department_A,56.2
Employee_0768,Department_A,22.9
Employee_0769,Department_A,44.0
Employee_0770,Department_C,33.6
Employee_0771,Department_A,37.9
Employee_0772,Department_C,30.0
Employee_0773,Department_C,38.1
Employee_0774,Department_D,67.3
Employee_0775,Department_A,28.1
Employee_0776,Department_D,34.1
Employee_0777,Department_C,25.7
Employee_0778,Department_A,61.0
Employee_0779,Department_C,34.9
Employee_0780,Department_D,46.7
Employee_0781,Department_A,37.6
Employee_0782,Department_D,36.6
Employee_0783,Department_B,42.4
Employee_0784,Department_C,67.0
Employee_0785,Department_D,62.3
Employee_0786,Department_B,35.6
Employee_0787,Department_D,54.1
Employee_0788,Department_B,35.9
Employee_0789,Department_C,20.5
Employee_0790,Department_C,51.2
Employee_0791,Department_A,54.8
Employee_0792,Department_B,56.5
Employee_0793,Department_B,39.8
Employee_0794,Department_A,40.2
Employee_0795,Department_A,50.2
Employee_0796,Department_B,49.3
Employee_0797,Department_A,37.7
Employee_0798,Department_A,24.2
Employee_0799,Department_C,41.3
Employee_0800,Department_C,51.9
Employee_0801,Department_C,26.8
Employee_0802,Department_B,52.0
Employee_0803,Department_D,50.6
Employee_0804,Department_C,48.3
Employee_0805,Department_A,51.6
Employee_0806,Department_A,34.4
Employee_0807,Department_C,22.2
Employee_0808,Department_A,36.1
Employee_0809,Department_B,54.8
Employee_0810,Department_D,41.0
Employee_0811,Department_A,34.4
Employee_0812,Department_A,22.0
Employee_0813,Department_D,66.3
Employee_0814,Department_C,49.1
Employee_0815,Department_A,50.5
Employee_0816,Department_D,57.6
Employee_0817,Department_D,53.3
Employee_0818,Department_B,42.3
Employee_0819,Department_C,38.2
Employee_0820,Department_A,37.3
Employee_0821,Department_A,71.0
Employee_0822,Department_C,46.1
Employee_0823,Department_A,36.9
Employee_0824,Department_C,45.1
Employee_0825,Department_D,35.9
Employee_0826,Department_A,58.5
Employee_0827,Department_C,32.7
Employee_0828,Department_A,47.5
Employee_0829,Department_D,58.7
Employee_0830,Department_A,46.2
Employee_0831,Department_C,41.0
Employee_0832,Department_C,40.1
Employee_0833,Department_B,44.4
Employee_0834,Department_C,33.7
Employee_0835,Department_C,35.1
Employee_0836,Department_C,56.3
Employee_0837,Department_C,38.8
Employee_0838,Department_D,38.4
Employee_0839,Department_B,39.3
Employee_0840,Department_B,57.1
Employee_0841,Department_A,49.4
Employee_0842,Department_C,46.2
Employee_0843,Department_B,42.2
Employee_0844,Department_B,51.3
Employee_0845,Department_A,34.9
Employee_0846,Department_D,44.1
Employee_0847,Department_B,55.7
Employee_0848,Department_C,49.6
Employee_0849,Department_A,31.2
Employee_0850,Department_D,37.6
Employee_0851,Department_A,43.2
Employee_0852,Department_A,61.0
Employee_0853,Department_D,25.9
Employee_0854,Department_D,50.1
Employee_0855,Department_A,26.9
Employee_0856,Department_B,38.0
Employee_0857,Department_C,36.0
Employee_0858,Department_D,42.4
Employee_0859,Department_B,39.1
Employee_0860,Department_B,45.1
Employee_0861,Department_C,34.1
Employee_0862,Department_C,23.9
Employee_0863,Department_C,48.6
Employee_0864,Department_C,48.3
Employee_0865,Department_A,51.3
Employee_0866,Department_D,30.1
Employee_0867,Department_D,50.3
Employee_0868,Department_C,47.4
Employee_0869,Department_A,30.7
Employee_0870,Department_A,42.1
Employee_0871,Department_C,38.7
Employee_0872,Department_A,62.3
Employee_0873,Department_D,68.2
Employee_0874,Department_B,26.7
Employee_0875,Department_C,67.4
Employee_0876,Department_D,36.9
Employee_0877,Department_B,55.8
Employee_0878,Department_B,55.7
Employee_0879,Department_C,29.0
Employee_0880,Department_C,45.4
Employee_0881,Department_B,43.8
Employee_0882,Department_C,46.1
Employee_0883,Department_D,49.5
Employee_0884,Department_B,58.2
Employee_0885,Department_A,42.8
Employee_0886,Department_B,43.2
Employee_0887,Department_B,57.1
Employee_0888,Department_A,48.4
Employee_0889,Department_A,50.0
Employee_0890,Department_C,32.7
Employee_0891,Department_B,33.5
Employee_0892,Department_D,40.8
Employee_0893,Department_A,35.2
Employee_0894,Department_A,50.6
Employee_0895,Department_C,50.7
Employee_0896,Department_D,45.3
Employee_0897,Department_A,57.7
Employee_0898,Department_A,57.1
Employee_0899,Department_A,44.7
Employee_0900,Department_B,36.0
Employee_0901,Department_B,62.3
Employee_0902,Department_A,41.3
Employee_0903,Department_A,43.4
Employee_0904,Department_B,41.3
Employee_0905,Department_D,37.2
Employee_0906,Department_C,23.8
Employee_0907,Department_B,52.0
Employee_0908,Department_A,33.4
Employee_0909,Department_A,75.7
Employee_0910,Department_A,30.1
Employee_0911,Department_C,26.2
Employee_0912,Department_D,52.6
Employee_0913,Department_D,63.8
Employee_0914,Department_D,47.7
Employee_0915,Department_D,53.3
Employee_0916,Department_D,26.7
Employee_0917,Department_A,34.5
Employee_0918,Department_A,30.2
Employee_0919,Department_B,24.2
Employee_0920,Department_C,41.3
Employee_0921,Department_A,17.3
Employee_0922,Department_D,32.5
Employee_0923,Department_C,34.1
Employee_0924,Department_B,35.9
Employee_0925,Department_A,46.4
Employee_0926,Department_A,45.4
Employee_0927,Department_A,51.8
Employee_0928,Department_D,55.3
Employee_0929,Department_C,52.5
Employee_0930,Department_C,40.0
Employee_0931,Department_A,45.3
Employee_0932,Department_B,50.6
Employee_0933,Department_B,46.6
Employee_0934,Department_C,35.6
Employee_0935,Department_C,36.3
Employee_0936,Department_A,33.0
Employee_0937,Department_D,51.6
Employee_0938,Department_A,41.0
Employee_0939,Department_D,39.7
Employee_0940,Department_A,34.7
Employee_0941,Department_A,28.7
Employee_0942,Department_D,57.8
Employee_0943,Department_A,42.9
Employee_0944,Department_B,35.5
Employee_0945,Department_B,53.9
Employee_0946,Department_A,35.8
Employee_0947,Department_C,24.5
Employee_0948,Department_D,58.2
Employee_0949,Department_D,41.1
Employee_0950,Department_B,40.5
Employee_0951,Department_B,45.5
Employee_0952,Department_A,54.6
Employee_0953,Department_A,42.2
Employee_0954,Department_A,28.8
Employee_0955,Department_D,53.0
Employee_0956,Department_D,41.7
Employee_0957,Department_C,60.8
Employee_0958,Department_B,45.0
Employee_0959,Department_B,20.4
Employee_0960,Department_B,48.9
Employee_0961,Department_B,66.4
Employee_0962,Department_B,62.3
Employee_0963,Department_A,62.1
Employee_0964,Department_A,30.8
Employee_0965,Department_D,57.0
Employee_0966,Department_B,37.1
Employee_0967,Department_D,49.5
Employee_0968,Department_A,28.0
Employee_0969,Department_C,32.9
Employee_0970,Department_A,34.6
Employee_0971,Department_A,51.9
Employee_0972,Department_A,50.8
Employee_0973,Department_A,45.0
Employee_0974,Department_D,32.1
Employee_0975,Department_B,41.6
Employee_0976,Department_C,31.8
Employee_0977,Department_B,54.6
Employee_0978,Department_B,58.0
Employee_0979,Department_B,56.6
Employee_0980,Department_A,33.7
Employee_0981,Department_D,16.9
Employee_0982,Department_D,27.6
Employee_0983,Department_C,55.6
Employee_0984,Department_B,40.6
Employee_0985,Department_A,33.7
Employee_0986,Department_D,65.1
Employee_0987,Department_B,58.9
Employee_0988,Department_A,42.3
Employee_0989,Department_B,41.8
Employee_0990,Department_C,38.5
Employee_0991,Department_C,42.5
Employee_0992,Department_C,57.6
Employee_0993,Department_C,44.6
Employee_0994,Department_A,50.0
Employee_0995,Department_D,59.9
Employee_0996,Department_B,32.1
Employee_0997,Department_C,48.3
Employee_0998,Department_A,38.8
Employee_0999,Department_D,19.3
Employee_1000,Department_A,18.6
Employee_1001,Department_A,30.8
Employee_1002,Department_B,50.8
Employee_1003,Department_A,43.3
Employee_1004,Department_A,44.0
Employee_1005,Department_C,61.5
Employee_1006,Department_B,31.0
Employee_1007,Department_D,46.7
Employee_1008,Department_B,48.3
Employee_1009,Department_C,31.9
Employee_1010,Department_B,45.3
Employee_1011,Department_C,22.4
Employee_1012,Department_C,55.5
Employee_1013,Department_B,37.5
Employee_1014,Department_D,69.3
Employee_1015,Department_B,44.6
Employee_1016,Department_A,53.3
Employee_1017,Department_C,39.4
Employee_1018,Department_D,46.7
Employee_1019,Department_A,35.6
Employee_1020,Department_B,46.3
Employee_1021,Department_D,50.5
Employee_1022,Department_C,31.4
Employee_1023,Department_D,45.6
Employee_1024,Department_B,38.3
Employee_1025,Department_C,65.3
Employee_1026,Department_B,44.0
Employee_1027,Department_D,64.0
Employee_1028,Department_B,42.8
Employee_1029,Department_C,42.9
Employee_1030,Department_B,30.5
Employee_1031,Department_C,35.1
Employee_1032,Department_C,42.3
Employee_1033,Department_B,62.4
Employee_1034,Department_D,49.4
Employee_1035,Department_B,60.2
Employee_1036,Department_C,47.0
Employee_1037,Department_B,62.9
Employee_1038,Department_B,44.4
Employee_1039,Department_B,71.3
Employee_1040,Department_A,36.7
Employee_1041,Department_A,33.6
Employee_1042,Department_C,26.7
Employee_1043,Department_C,65.6
Employee_1044,Department_C,49.0
Employee_1045,Department_A,38.3
Employee_1046,Department_B,58.7
Employee_1047,Department_A,49.6
Employee_1048,Department_C,61.6
Employee_1049,Department_D,30.0
Employee_1050,Department_A,39.1
Employee_1051,Department_C,34.9
Employee_1052,Department_A,20.3
Employee_1053,Department_A,53.7
Employee_1054,Department_A,39.0
Employee_1055,Department_A,50.1
Employee_1056,Department_C,66.0
Employee_1057,Department_D,43.1
Employee_1058,Department_A,37.4
Employee_1059,Department_B,46.3
Employee_1060,Department_C,50.9
Employee_1061,Department_D,40.8
Employee_1062,Department_C,33.1
Employee_1063,Department_A,53.6
Employee_1064,Department_C,44.2
Employee_1065,Department_B,22.5
Employee_1066,Department_D,33.5
Employee_1067,Department_B,61.5
Employee_1068,Department_C,44.4
Employee_1069,Department_A,33.6
Employee_1070,Department_B,43.1
Employee_1071,Department_D,47.1
Employee_1072,Department_C,48.1
Employee_1073,Department_B,30.1
Employee_1074,Department_D,37.7
Employee_1075,Department_D,50.0
Employee_1076,Department_B,43.9
Employee_1077,Department_B,51.3
Employee_1078,Department_B,31.5
Employee_1079,Department_C,43.9
Employee_1080,Department_B,57.0
Employee_1081,Department_A,47.4
Employee_1082,Department_D,48.5
Employee_1083,Department_D,45.9
Employee_1084,Department_D,37.8
Employee_1085,Department_D,46.2
Employee_1086,Department_C,53.9
Employee_1087,Department_C,38.7
Employee_1088,Department_C,30.2
Employee_1089,Department_B,39.6
Employee_1090,Department_B,47.2
Employee_1091,Department_A,37.9
Employee_1092,Department_C,45.3
Employee_1093,Department_A,47.8
Employee_1094,Department_A,51.8
Employee_1095,Department_C,55.7
Employee_1096,Department_B,56.0
Employee_1097,Department_A,31.7
Employee_1098,Department_D,37.1
Employee_1099,Department_D,46.2
Employee_1100,Department_A,37.0
Employee_1101,Department_A,29.5
Employee_1102,Department_B,40.1
Employee_1103,Department_C,34.8
Employee_1104,Department_D,39.6
Employee_1105,Department_A,38.5
Employee_1106,Department_C,53.0
Employee_1107,Department_A,44.2
Employee_1108,Department_B,72.2
Employee_1109,Department_D,48.9
Employee_1110,Department_A,38.8
Employee_1111,Department_A,42.0
Employee_1112,Department_B,47.8
Employee_1113,Department_C,44.8
Employee_1114,Department_D,69.8
Employee_1115,Department_D,37.7
Employee_1116,Department_A,51.4
Employee_1117,Department_A,44.3
Employee_1118,Department_C,22.7
Employee_1119,Department_A,50.5
Employee_1120,Department_D,60.9
Employee_1121,Department_C,30.6
Employee_1122,Department_A,41.9
Employee_1123,Department_D,28.0
Employee_1124,Department_A,28.2
Employee_1125,Department_B,56.5
Employee_1126,Department_C,34.9
Employee_1127,Department_B,32.8
Employee_1128,Department_C,42.5
Employee_1129,Department_C,34.3
Employee_1130,Department_D,41.8
Employee_1131,Department_D,55.1
Employee_1132,Department_B,32.2
Employee_1133,Department_A,32.0
Employee_1134,Department_C,41.7
Employee_1135,Department_D,57.7
Employee_1136,Department_B,58.6
Employee_1137,Department_B,37.7
Employee_1138,Department_B,55.3
Employee_1139,Department_A,33.4
Employee_1140,Department_C,60.1
Employee_1141,Department_B,32.5
Employee_1142,Department_C,54.6
Employee_1143,Department_D,39.8
Employee_1144,Department_D,69.1
Employee_1145,Department_B,51.5
Employee_1146,Department_B,33.8
Employee_1147,Department_C,34.3
Employee_1148,Department_D,55.6
Employee_1149,Department_B,56.6
Employee_1150,Department_D,46.2
Employee_1151,Department_A,42.5
Employee_1152,Department_D,55.3
Employee_1153,Department_A,43.4
Employee_1154,Department_A,27.8
Employee_1155,Department_B,36.1
Employee_1156,Department_A,44.6
Employee_1157,Department_A,55.4
Employee_1158,Department_A,59.8
Employee_1159,Department_B,53.6
Employee_1160,Department_C,43.2
Employee_1161,Department_A,50.2
Employee_1162,Department_C,32.7
Employee_1163,Department_D,45.3
Employee_1164,Department_A,32.9
Employee_1165,Department_A,28.3
Employee_1166,Department_D,50.7
Employee_1167,Department_D,49.0
Employee_1168,Department_B,52.6
Employee_1169,Department_D,53.0
Employee_1170,Department_A,44.7
Employee_1171,Department_B,51.1
Employee_1172,Department_C,39.5
Employee_1173,Department_A,46.5
Employee_1174,Department_C,32.0
Employee_1175,Department_B,49.1
Employee_1176,Department_C,47.4
Employee_1177,Department_B,37.6
Employee_1178,Department_B,45.6
Employee_1179,Department_A,35.1
Employee_1180,Department_A,36.2
Employee_1181,Department_C,27.6
Employee_1182,Department_A,55.9
Employee_1183,Department_A,53.7
Employee_1184,Department_A,47.9
Employee_1185,Department_A,63.7
Employee_1186,Department_D,44.9
Employee_1187,Department_B,78.3
Employee_1188,Department_D,44.5
Employee_1189,Department_A,44.8
Employee_1190,Department_C,35.6
Employee_1191,Department_B,49.1
Employee_1192,Department_B,54.2
Employee_1193,Department_D,45.7
Employee_1194,Department_D,66.5
Employee_1195,Department_D,49.6
Employee_1196,Department_A,45.0
Employee_1197,Department_A,32.0
Employee_1198,Department_C,44.6
Employee_1199,Department_A,40.5
Employee_1200,Department_C,33.3
Employee_1201,Department_C,31.5
Employee_1202,Department_C,69.4
Employee_1203,Department_D,44.1
Employee_1204,Department_C,24.0
Employee_1205,Department_A,34.3
Employee_1206,Department_A,41.4
Employee_1207,Department_C,46.0
Employee_1208,Department_B,51.1
Employee_1209,Department_A,49.4
Employee_1210,Department_B,37.9
Employee_1211,Department_C,43.7
Employee_1212,Department_D,37.4
Employee_1213,Department_C,33.2
Employee_1214,Department_B,34.9
Employee_1215,Department_A,28.9
Employee_1216,Department_B,56.7
Employee_1217,Department_B,52.6
Employee_1218,Department_C,50.7
Employee_1219,Department_C,40.4
Employee_1220,Department_A,50.5
Employee_1221,Department_A,22.6
Employee_1222,Department_A,51.5
Employee_1223,Department_D,48.9
Employee_1224,Department_C,46.9
Employee_1225,Department_A,46.2
Employee_1226,Department_D,36.1
Employee_1227,Department_B,28.5
Employee_1228,Department_B,37.2
Employee_1229,Department_D,53.2
Employee_1230,Department_A,49.6
Employee_1231,Department_A,27.0
Employee_1232,Department_C,29.2
Employee_1233,Department_A,34.0
Employee_1234,Department_C,36.1
Employee_1235,Department_A,27.0
Employee_1236,Department_A,26.4
Employee_1237,Department_A,33.0
Employee_1238,Department_B,45.9
Employee_1239,Department_A,29.0
Employee_1240,Department_A,40.7
Employee_1241,Department_D,58.6
Employee_1242,Department_B,30.7
Employee_1243,Department_B,42.7
Employee_1244,Department_A,53.3
Employee_1245,Department_B,40.4
Employee_1246,Department_A,35.7
Employee_1247,Department_C,52.8
Employee_1248,Department_A,38.6
Employee_1249,Department_D,59.1
Employee_1250,Department_D,51.7
Employee_1251,Department_A,38.2
Employee_1252,Department_A,47.3
Employee_1253,Department_A,45.5
Employee_1254,Department_C,51.2
Employee_1255,Department_A,36.0
Employee_1256,Department_D,47.5
Employee_1257,Department_C,39.3
Employee_1258,Department_D,54.7
Employee_1259,Department_B,33.7
Employee_1260,Department_D,58.2
Employee_1261,Department_A,47.1
Employee_1262,Department_B,30.5
Employee_1263,Department_B,58.3
Employee_1264,Department_D,71.6
Employee_1265,Department_C,51.0
Employee_1266,Department_D,62.7
Employee_1267,Department_A,42.9
Employee_1268,Department_D,28.7
Employee_1269,Department_B,24.7
Employee_1270,Department_B,47.8
Employee_1271,Department_D,40.5
Employee_1272,Department_B,34.9
Employee_1273,Department_B,44.3
Employee_1274,Department_C,46.8
Employee_1275,Department_A,26.0
Employee_1276,Department_B,40.1
Employee_1277,Department_A,58.6
Employee_1278,Department_A,30.2
Employee_1279,Department_D,56.6
Employee_1280,Department_C,34.7
Employee_1281,Department_B,51.0
Employee_1282,Department_B,57.1
Employee_1283,Department_B,53.2
Employee_1284,Department_C,50.0
Employee_1285,Department_D,34.3
Employee_1286,Department_D,59.3
Employee_1287,Department_B,35.6
Employee_1288,Department_B,47.9
Employee_1289,Department_B,47.8
Employee_1290,Department_C,45.3
Employee_1291,Department_B,48.7
Employee_1292,Department_C,30.7
Employee_1293,Department_C,25.2
Employee_1294,Department_B,54.6
Employee_1295,Department_B,47.0
Employee_1296,Department_B,57.6
Employee_1297,Department_A,41.5
Employee_1298,Department_A,26.5
Employee_1299,Department_C,50.6
Employee_1300,Department_B,40.9
Employee_1301,Department_A,45.8
Employee_1302,Department_C,32.9
Employee_1303,Department_C,58.1
Employee_1304,Department_A,32.4
Employee_1305,Department_D,43.3
Employee_1306,Department_D,48.2
Employee_1307,Department_C,28.0
Employee_1308,Department_C,43.6
Employee_1309,Department_A,59.7
Employee_1310,Department_D,41.6
Employee_1311,Department_B,49.3
Employee_1312,Department_D,16.8
Employee_1313,Department_C,39.6
Employee_1314,Department_A,38.6
Employee_1315,Department_A,33.0
Employee_1316,Department_C,51.9
Employee_1317,Department_C,36.4
Employee_1318,Department_A,40.0
Employee_1319,Department_C,35.9
Employee_1320,Department_D,25.9
Employee_1321,Department_B,32.5
Employee_1322,Department_B,55.6
Employee_1323,Department_A,18.8
Employee_1324,Department_C,31.6
Employee_1325,Department_B,40.6
Employee_1326,Department_D,66.2
Employee_1327,Department_B,53.5
Employee_1328,Department_C,33.9
Employee_1329,Department_A,56.3
Employee_1330,Department_A,33.9
Employee_1331,Department_C,51.1
Employee_1332,Department_B,30.1
Employee_1333,Department_B,56.8
Employee_1334,Department_D,42.5
Employee_1335,Department_D,35.7
Employee_1336,Department_D,44.6
Employee_1337,Department_A,45.1
Employee_1338,Department_C,34.6
Employee_1339,Department_D,53.1
Employee_1340,Department_B,38.6
Employee_1341,Department_A,48.8
Employee_1342,Department_D,51.9
Employee_1343,Department_B,44.3
Employee_1344,Department_C,35.1
Employee_1345,Department_D,48.7
Employee_1346,Department_C,46.1
Employee_1347,Department_B,67.7
Employee_1348,Department_B,55.3
Employee_1349,Department_B,55.7
Employee_1350,Department_A,76.0
Employee_1351,Department_C,45.7
Employee_1352,Department_D,52.3
Employee_1353,Department_A,49.7
Employee_1354,Department_B,33.9
Employee_1355,Department_D,42.1
Employee_1356,Department_A,36.4
Employee_1357,Department_B,52.1
Employee_1358,Department_B,43.1
Employee_1359,Department_C,41.5
Employee_1360,Department_A,54.0
Employee_1361,Department_C,49.5
Employee_1362,Department_B,43.2
Employee_1363,Department_C,32.6
Employee_1364,Department_A,54.5
Employee_1365,Department_B,53.5
Employee_1366,Department_B,27.3
Employee_1367,Department_A,38.6
Employee_1368,Department_A,43.8
Employee_1369,Department_A,50.6
Employee_1370,Department_B,55.0
Employee_1371,Department_A,45.1
Employee_1372,Department_D,53.4
Employee_1373,Department_B,45.7
Employee_1374,Department_D,39.6
Employee_1375,Department_D,44.1
Employee_1376,Department_A,42.2
Employee_1377,Department_C,39.6
Employee_1378,Department_D,26.3
Employee_1379,Department_C,35.6
Employee_1380,Department_B,45.6
Employee_1381,Department_B,41.9
Employee_1382,Department_A,39.3
Employee_1383,Department_B,50.4
Employee_1384,Department_D,35.1
Employee_1385,Department_D,29.1
Employee_1386,Department_A,38.2
Employee_1387,Department_C,48.4
Employee_1388,Department_B,63.6
Employee_1389,Department_D,55.6
Employee_1390,Department_A,25.8
Employee_1391,Department_D,44.4
Employee_1392,Department_D,49.8
Employee_1393,Department_A,44.0
Employee_1394,Department_A,47.9
Employee_1395,Department_D,36.9
Employee_1396,Department_A,42.7
Employee_1397,Department_B,49.6
Employee_1398,Department_D,56.1
Employee_1399,Department_C,31.1
Employee_1400,Department_B,41.2
Employee_1401,Department_B,15.3
Employee_1402,Department_A,35.2
Employee_1403,Department_D,41.2
Employee_1404,Department_B,33.8
Employee_1405,Department_A,43.8
Employee_1406,Department_A,41.4
Employee_1407,Department_D,22.1
Employee_1408,Department_A,44.4
Employee_1409,Department_D,36.8
Employee_1410,Department_C,45.3
Employee_1411,Department_D,32.9
Employee_1412,Department_D,47.3
Employee_1413,Department_D,43.9
Employee_1414,Department_D,50.3
Employee_1415,Department_A,43.4
Employee_1416,Department_C,37.2
Employee_1417,Department_B,28.1
Employee_1418,Department_B,28.8
Employee_1419,Department_D,40.6
Employee_1420,Department_D,46.9
Employee_1421,Department_C,33.3
Employee_1422,Department_B,51.9
Employee_1423,Department_B,41.9
Employee_1424,Department_B,34.4
Employee_1425,Department_B,41.9
Employee_1426,Department_B,47.5
Employee_1427,Department_A,45.6
Employee_1428,Department_A,62.7
Employee_1429,Department_C,32.6
Employee_1430,Department_B,44.2
Employee_1431,Department_D,51.7
Employee_1432,Department_C,39.7
Employee_1433,Department_A,36.5
Employee_1434,Department_A,25.0
Employee_1435,Department_A,36.4
Employee_1436,Department_D,35.2
Employee_1437,Department_A,23.0
Employee_1438,Department_B,36.2
Employee_1439,Department_D,35.5
Employee_1440,Department_D,53.4
Employee_1441,Department_A,48.6
Employee_1442,Department_A,32.1
Employee_1443,Department_A,39.1
Employee_1444,Department_A,21.6
Employee_1445,Department_A,36.6
Employee_1446,Department_C,44.4
Employee_1447,Department_D,56.1
Employee_1448,Department_B,37.2
Employee_1449,Department_C,51.6
Employee_1450,Department_A,25.3
Employee_1451,Department_D,33.3
Employee_1452,Department_C,47.8
Employee_1453,Department_D,65.4
Employee_1454,Department_D,52.4
Employee_1455,Department_B,44.6
Employee_1456,Department_A,17.9
Employee_1457,Department_A,19.8
Employee_1458,Department_B,46.4
Employee_1459,Department_D,43.1
Employee_1460,Department_B,32.8
Employee_1461,Department_C,40.7
Employee_1462,Department_B,46.3
Employee_1463,Department_A,52.4
Employee_1464,Department_B,46.5
Employee_1465,Department_C,53.5
Employee_1466,Department_C,40.1
Employee_1467,Department_B,43.7
Employee_1468,Department_A,53.7
Employee_1469,Department_C,29.2
Employee_1470,Department_A,73.0
Employee_1471,Department_D,51.1
Employee_1472,Department_A,46.2
Employee_1473,Department_A,47.8
Employee_1474,Department_B,65.6
Employee_1475,Department_B,53.7
Employee_1476,Department_B,27.3
Employee_1477,Department_B,60.4
Employee_1478,Department_D,43.3
Employee_1479,Department_B,46.2
Employee_1480,Department_B,30.9
Employee_1481,Department_B,50.8
Employee_1482,Department_A,34.8
Employee_1483,Department_C,41.1
Employee_1484,Department_A,38.9
Employee_1485,Department_C,61.2
Employee_1486,Department_A,63.8
Employee_1487,Department_D,47.5
Employee_1488,Department_B,45.7
Employee_1489,Department_D,42.9
Employee_1490,Department_B,57.2
Employee_1491,Department_A,38.4
Employee_1492,Department_D,42.4
Employee_1493,Department_C,50.8
Employee_1494,Department_C,34.1
Employee_1495,Department_B,44.6
Employee_1496,Department_C,22.6
Employee_1497,Department_D,54.7
Employee_1498,Department_C,61.3
Employee_1499,Department_B,52.9
Employee_1500,Department_C,56.1
Employee_1501,Department_C,30.7
Employee_1502,Department_D,49.6
Employee_1503,Department_B,34.6
Employee_1504,Department_B,42.5
Employee_1505,Department_D,55.5
Employee_1506,Department_B,46.1
Employee_1507,Department_C,24.5
Employee_1508,Department_B,30.5
Employee_1509,Department_A,26.8
Employee_1510,Department_C,45.4
Employee_1511,Department_A,64.7
Employee_1512,Department_A,57.0
Employee_1513,Department_C,19.1
Employee_1514,Department_C,55.6
Employee_1515,Department_D,57.3
Employee_1516,Department_A,25.0
Employee_1517,Department_A,38.7
Employee_1518,Department_D,59.1
Employee_1519,Department_A,48.1
Employee_1520,Department_A,27.6
Employee_1521,Department_A,48.7
Employee_1522,Department_B,21.5
Employee_1523,Department_D,44.5
Employee_1524,Department_C,52.5
Employee_1525,Department_C,40.2
Employee_1526,Department_A,36.5
Employee_1527,Department_B,54.8
Employee_1528,Department_B,55.7
Employee_1529,Department_A,56.4
Employee_1530,Department_A,51.6
Employee_1531,Department_B,56.9
Employee_1532,Department_A,50.1
Employee_1533,Department_C,42.9
Employee_1534,Department_C,41.0
Employee_1535,Department_A,39.4
Employee_1536,Department_B,31.7
Employee_1537,Department_C,29.5
Employee_1538,Department_C,36.9
Employee_1539,Department_D,49.7
Employee_1540,Department_B,60.8
Employee_1541,Department_D,46.5
Employee_1542,Department_A,53.0
Employee_1543,Department_B,56.9
Employee_1544,Department_A,39.5
Employee_1545,Department_B,51.5
Employee_1546,Department_B,42.3
Employee_1547,Department_A,56.5
Employee_1548,Department_C,47.0
Employee_1549,Department_B,31.9
Employee_1550,Department_A,43.8
Employee_1551,Department_A,60.1
Employee_1552,Department_B,43.0
Employee_1553,Department_B,49.9
Employee_1554,Department_B,51.0
Employee_1555,Department_A,30.6
Employee_1556,Department_C,45.6
Employee_1557,Department_D,31.7
Employee_1558,Department_B,38.1
Employee_1559,Department_C,51.8
Employee_1560,Department_D,50.9
Employee_1561,Department_D,43.7
Employee_1562,Department_C,44.9
Employee_1563,Department_D,46.3
Employee_1564,Department_D,47.1
Employee_1565,Department_C,47.2
Employee_1566,Department_B,37.0
Employee_1567,Department_A,42.4
Employee_1568,Department_A,38.6
Employee_1569,Department_B,27.6
Employee_1570,Department_B,34.9
Employee_1571,Department_B,62.3
Employee_1572,Department_C,44.2
Employee_1573,Department_C,25.4
Employee_1574,Department_D,30.1
Employee_1575,Department_A,40.8
Employee_1576,Department_A,59.2
Employee_1577,Department_C,37.9
Employee_1578,Department_D,61.4
Employee_1579,Department_D,50.9
Employee_1580,Department_D,52.2
Employee_1581,Department_D,32.3
Employee_1582,Department_B,55.3
Employee_1583,Department_B,41.3
Employee_1584,Department_A,51.5
Employee_1585,Department_C,31.0
Employee_1586,Department_D,48.9
Employee_1587,Department_B,48.9
Employee_1588,Department_C,38.3
Employee_1589,Department_A,46.4
Employee_1590,Department_A,39.1
Employee_1591,Department_A,34.9
Employee_1592,Department_A,59.7
Employee_1593,Department_D,58.5
Employee_1594,Department_B,36.6
Employee_1595,Department_D,53.3
Employee_1596,Department_C,31.8
Employee_1597,Department_A,29.0
Employee_1598,Department_A,53.4
Employee_1599,Department_D,28.3
Employee_1600,Department_A,52.2
Employee_1601,Department_D,44.2
Employee_1602,Department_A,39.7
Employee_1603,Department_C,44.5
Employee_1604,Department_D,53.4
Employee_1605,Department_A,32.9
Employee_1606,Department_A,49.9
Employee_1607,Department_D,48.2
Employee_1608,Department_A,28.2
Employee_1609,Department_B,43.1
Employee_1610,Department_B,60.2
Employee_1611,Department_A,60.4
Employee_1612,Department_C,47.9
Employee_1613,Department_C,26.9
Employee_1614,Department_B,50.4
Employee_1615,Department_D,56.4
Employee_1616,Department_A,50.0
Employee_1617,Department_A,50.6
Employee_1618,Department_C,44.0
Employee_1619,Department_D,46.2
Employee_1620,Department_A,35.3
Employee_1621,Department_A,21.1
Employee_1622,Department_B,48.7
Employee_1623,Department_D,49.0
Employee_1624,Department_A,48.1
Employee_1625,Department_B,30.3
Employee_1626,Department_C,47.1
Employee_1627,Department_B,67.6
Employee_1628,Department_A,42.9
Employee_1629,Department_A,41.3
Employee_1630,Department_B,48.4
Employee_1631,Department_B,67.4
Employee_1632,Department_D,35.7
Employee_1633,Department_C,42.2
Employee_1634,Department_C,31.2
Employee_1635,Department_D,41.0
Employee_1636,Department_B,44.5
Employee_1637,Department_B,59.8
Employee_1638,Department_D,66.8
Employee_1639,Department_A,46.9
Employee_1640,Department_C,35.9
Employee_1641,Department_C,67.4
Employee_1642,Department_A,37.3
Employee_1643,Department_B,38.7
Employee_1644,Department_A,22.5
Employee_1645,Department_A,57.4
Employee_1646,Department_B,55.7
Employee_1647,Department_A,68.6
Employee_1648,Department_C,24.7
Employee_1649,Department_D,63.0
Employee_1650,Department_D,47.8
Employee_1651,Department_A,50.9
Employee_1652,Department_A,23.9
Employee_1653,Department_A,58.1
Employee_1654,Department_A,50.7
Employee_1655,Department_D,46.6
Employee_1656,Department_B,52.1
Employee_1657,Department_A,33.6
Employee_1658,Department_D,40.6
Employee_1659,Department_B,39.9
Employee_1660,Department_A,21.6
Employee_1661,Department_A,51.5
Employee_1662,Department_C,53.1
Employee_1663,Department_C,32.3
Employee_1664,Department_A,45.8
Employee_1665,Department_D,44.1
Employee_1666,Department_D,50.6
Employee_1667,Department_D,40.1
Employee_1668,Department_A,32.3
Employee_1669,Department_A,53.6
Employee_1670,Department_D,46.3
Employee_1671,Department_B,67.2
Employee_1672,Department_C,40.5
Employee_1673,Department_C,29.8
Employee_1674,Department_A,55.5
Employee_1675,Department_C,46.9
Employee_1676,Department_D,55.0
Employee_1677,Department_C,53.1
Employee_1678,Department_B,37.8
Employee_1679,Department_D,45.6
Employee_1680,Department_B,43.1
Employee_1681,Department_C,25.8
Employee_1682,Department_D,44.1
Employee_1683,Department_C,54.7
Employee_1684,Department_A,44.6
Employee_1685,Department_A,27.2
Employee_1686,Department_A,24.9
Employee_1687,Department_B,63.3
Employee_1688,Department_B,44.0
Employee_1689,Department_C,32.9
Employee_1690,Department_B,42.0
Employee_1691,Department_C,23.7
Employee_1692,Department_D,62.7
Employee_1693,Department_A,37.7
Employee_1694,Department_C,55.0
Employee_1695,Department_C,40.6
Employee_1696,Department_B,60.7
Employee_1697,Department_A,44.8
Employee_1698,Department_C,49.4
Employee_1699,Department_D,54.9
Employee_1700,Department_C,46.9
Employee_1701,Department_D,50.8
Employee_1702,Department_D,44.4
Employee_1703,Department_B,66.1
Employee_1704,Department_C,30.0
Employee_1705,Department_B,45.0
Employee_1706,Department_D,47.2
Employee_1707,Department_A,46.4
Employee_1708,Department_B,40.3
Employee_1709,Department_D,50.5
Employee_1710,Department_A,40.1
Employee_1711,Department_C,22.6
Employee_1712,Department_B,45.1
Employee_1713,Department_D,34.9
Employee_1714,Department_D,27.9
Employee_1715,Department_B,46.5
Employee_1716,Department_C,45.4
Employee_1717,Department_B,50.8
Employee_1718,Department_C,46.2
Employee_1719,Department_C,18.7
Employee_1720,Department_D,32.0
Employee_1721,Department_A,63.7
Employee_1722,Department_A,30.5
Employee_1723,Department_C,46.7
Employee_1724,Department_C,32.4
Employee_1725,Department_B,45.9
Employee_1726,Department_A,35.0
Employee_1727,Department_B,51.2
Employee_1728,Department_D,48.5
Employee_1729,Department_A,37.1
Employee_1730,Department_B,33.4
Employee_1731,Department_D,49.9
Employee_1732,Department_A,28.7
Employee_1733,Department_C,44.7
Employee_1734,Department_A,70.9
Employee_1735,Department_D,61.9
Employee_1736,Department_C,47.9
Employee_1737,Department_D,46.1
Employee_1738,Department_A,20.7
Employee_1739,Department_B,30.5
Employee_1740,Department_C,54.1
Employee_1741,Department_A,33.3
Employee_1742,Department_A,34.3
Employee_1743,Department_A,40.2
Employee_1744,Department_D,35.3
Employee_1745,Department_C,26.5
Employee_1746,Department_C,39.4
Employee_1747,Department_C,30.2
Employee_1748,Department_B,36.8
Employee_1749,Department_B,36.4
Employee_1750,Department_B,50.7
Employee_1751,Department_C,37.4
Employee_1752,Department_A,40.0
Employee_1753,Department_D,53.6
Employee_1754,Department_D,45.4
Employee_1755,Department_B,41.9
Employee_1756,Department_C,45.2
Employee_1757,Department_A,49.4
Employee_1758,Department_D,45.4
Employee_1759,Department_D,47.9
Employee_1760,Department_D,38.4
Employee_1761,Department_B,35.5
Employee_1762,Department_A,50.5
Employee_1763,Department_A,46.9
Employee_1764,Department_A,47.0
Employee_1765,Department_A,45.1
Employee_1766,Department_A,42.5
Employee_1767,Department_D,54.7
Employee_1768,Department_A,52.3
Employee_1769,Department_A,52.0
Employee_1770,Department_D,45.9
Employee_1771,Department_C,55.3
Employee_1772,Department_C,42.5
Employee_1773,Department_C,47.0
Employee_1774,Department_D,50.1
Employee_1775,Department_C,42.7
Employee_1776,Department_B,36.9
Employee_1777,Department_C,47.7
Employee_1778,Department_B,76.3
Employee_1779,Department_B,40.9
Employee_1780,Department_B,45.8
Employee_1781,Department_A,37.1
Employee_1782,Department_C,34.6
Employee_1783,Department_A,59.0
Employee_1784,Department_A,34.6
Employee_1785,Department_A,36.8
Employee_1786,Department_D,29.5
Employee_1787,Department_B,36.7
Employee_1788,Department_C,21.2
Employee_1789,Department_D,53.9
Employee_1790,Department_A,72.8
Employee_1791,Department_C,36.0
Employee_1792,Department_B,26.7
Employee_1793,Department_A,51.9
Employee_1794,Department_C,32.0
Employee_1795,Department_D,61.3
Employee_1796,Department_A,38.9
Employee_1797,Department_C,33.1
Employee_1798,Department_A,40.0
Employee_1799,Department_C,48.3
Employee_1800,Department_C,37.5
Employee_1801,Department_C,34.5
Employee_1802,Department_C,37.8
Employee_1803,Department_A,28.0
Employee_1804,Department_C,44.4
Employee_1805,Department_C,20.3
Employee_1806,Department_C,35.1
Employee_1807,Department_A,50.4
Employee_1808,Department_B,48.3
Employee_1809,Department_B,51.5
Employee_1810,Department_A,41.3
Employee_1811,Department_A,54.9
Employee_1812,Department_B,55.2
Employee_1813,Department_C,44.9
Employee_1814,Department_A,52.2
Employee_1815,Department_D,55.3
Employee_1816,Department_B,40.2
Employee_1817,Department_C,25.2
Employee_1818,Department_B,49.6
Employee_1819,Department_B,51.0
Employee_1820,Department_C,52.0
Employee_1821,Department_D,36.7
Employee_1822,Department_B,35.0
Employee_1823,Department_B,50.1
Employee_1824,Department_C,39.2
Employee_1825,Department_C,19.3
Employee_1826,Department_A,46.1
Employee_1827,Department_B,24.6
Employee_1828,Department_B,34.6
Employee_1829,Department_D,61.9
Employee_1830,Department_B,65.1
Employee_1831,Department_B,31.6
Employee_1832,Department_D,43.4
Employee_1833,Department_B,45.5
Employee_1834,Department_A,61.6
Employee_1835,Department_A,36.6
Employee_1836,Department_A,36.8
Employee_1837,Department_A,59.0
Employee_1838,Department_B,40.9
Employee_1839,Department_C,47.9
Employee_1840,Department_C,23.8
Employee_1841,Department_A,40.1
Employee_1842,Department_C,21.7
Employee_1843,Department_A,30.4
Employee_1844,Department_D,56.2
Employee_1845,Department_A,41.5
Employee_1846,Department_C,36.5
Employee_1847,Department_B,36.8
Employee_1848,Department_C,37.6
Employee_1849,Department_B,48.3
Employee_1850,Department_C,50.8
Employee_1851,Department_A,13.1
Employee_1852,Department_D,37.9
Employee_1853,Department_B,46.8
Employee_1854,Department_C,38.9
Employee_1855,Department_D,51.4
Employee_1856,Department_D,49.9
Employee_1857,Department_A,38.6
Employee_1858,Department_A,36.2
Employee_1859,Department_A,39.3
Employee_1860,Department_A,54.6
Employee_1861,Department_C,31.9
Employee_1862,Department_D,46.3
Employee_1863,Department_D,49.0
Employee_1864,Department_B,62.2
Employee_1865,Department_C,36.7
Employee_1866,Department_D,57.5
Employee_1867,Department_D,60.6
Employee_1868,Department_A,41.3
Employee_1869,Department_B,42.7
Employee_1870,Department_D,43.4
Employee_1871,Department_B,42.2
Employee_1872,Department_B,54.4
Employee_1873,Department_D,49.5
Employee_1874,Department_D,49.6
Employee_1875,Department_D,34.6
Employee_1876,Department_C,29.4
Employee_1877,Department_A,65.6
Employee_1878,Department_B,43.0
Employee_1879,Department_B,36.5
Employee_1880,Department_C,55.7
Employee_1881,Department_B,48.1
Employee_1882,Department_C,46.4
Employee_1883,Department_B,43.5
Employee_1884,Department_C,36.5
Employee_1885,Department_B,43.1
Employee_1886,Department_B,29.8
Employee_1887,Department_A,41.0
Employee_1888,Department_A,45.3
Employee_1889,Department_D,67.4
Employee_1890,Department_B,45.9
Employee_1891,Department_A,16.3
Employee_1892,Department_C,39.0
Employee_1893,Department_C,70.1
Employee_1894,Department_A,51.5
Employee_1895,Department_B,36.1
Employee_1896,Department_A,48.5
Employee_1897,Department_C,31.8
Employee_1898,Department_A,27.1
Employee_1899,Department_A,38.2
Employee_1900,Department_A,43.0
Employee_1901,Department_C,19.4
Employee_1902,Department_A,29.4
Employee_1903,Department_D,47.1
Employee_1904,Department_A,37.5
Employee_1905,Department_C,44.3
Employee_1906,Department_B,31.6
Employee_1907,Department_B,52.9
Employee_1908,Department_A,29.0
Employee_1909,Department_D,65.1
Employee_1910,Department_D,28.1
Employee_1911,Department_A,30.0
Employee_1912,Department_A,46.6
Employee_1913,Department_D,65.3
Employee_1914,Department_B,48.5
Employee_1915,Department_A,48.2
Employee_1916,Department_A,42.2
Employee_1917,Department_C,28.7
Employee_1918,Department_C,34.6
Employee_1919,Department_C,26.7
Employee_1920,Department_D,32.9
Employee_1921,Department_B,49.4
Employee_1922,Department_B,32.6
Employee_1923,Department_B,48.5
Employee_1924,Department_B,30.7
Employee_1925,Department_A,45.3
Employee_1926,Department_A,36.6
Employee_1927,Department_B,60.5
Employee_1928,Department_C,43.6
Employee_1929,Department_A,55.6
Employee_1930,Department_B,36.7
Employee_1931,Department_C,40.6
Employee_1932,Department_C,29.2
Employee_1933,Department_C,35.5
Employee_1934,Department_D,44.1
Employee_1935,Department_C,32.0
Employee_1936,Department_A,28.6
Employee_1937,Department_B,29.5
Employee_1938,Department_C,14.3
Employee_1939,Department_A,30.4
Employee_1940,Department_A,48.9
Employee_1941,Department_A,24.4
Employee_1942,Department_B,30.0
Employee_1943,Department_B,64.7
Employee_1944,Department_A,35.0
Employee_1945,Department_D,50.5
Employee_1946,Department_D,54.1
Employee_1947,Department_A,49.3
Employee_1948,Department_D,30.3
Employee_1949,Department_A,39.5
Employee_1950,Department_D,29.2
Employee_1951,Department_D,73.9
Employee_1952,Department_A,24.5
Employee_1953,Department_C,28.5
Employee_1954,Department_D,35.6
Employee_1955,Department_D,30.5
Employee_1956,Department_D,61.9
Employee_1957,Department_C,66.6
Employee_1958,Department_A,36.8
Employee_1959,Department_D,32.5
Employee_1960,Department_C,15.4
Employee_1961,Department_C,37.3
Employee_1962,Department_B,41.5
Employee_1963,Department_C,32.8
Employee_1964,Department_A,44.4
Employee_1965,Department_C,44.3
Employee_1966,Department_A,45.6
Employee_1967,Department_C,36.5
Employee_1968,Department_D,34.9
Employee_1969,Department_B,52.3
Employee_1970,Department_B,45.1
Employee_1971,Department_B,54.8
Employee_1972,Department_D,55.7
Employee_1973,Department_C,24.4
Employee_1974,Department_B,29.2
Employee_1975,Department_A,33.7
Employee_1976,Department_A,30.4
Employee_1977,Department_B,53.3
Employee_1978,Department_D,50.9
Employee_1979,Department_C,52.1
Employee_1980,Department_A,46.4
Employee_1981,Department_D,49.3
Employee_1982,Department_B,58.2
Employee_1983,Department_D,52.2
Employee_1984,Department_A,42.7
Employee_1985,Department_C,56.3
Employee_1986,Department_D,48.3
Employee_1987,Department_A,38.7
Employee_1988,Department_C,30.8
Employee_1989,Department_D,54.7
Employee_1990,Department_A,55.6
Employee_1991,Department_A,41.4
Employee_1992,Department_C,54.4
Employee_1993,Department_B,23.3
Employee_1994,Department_A,41.4
Employee_1995,Department_B,44.6
Employee_1996,Department_C,32.0
Employee_1997,Department_A,68.2
Employee_1998,Department_B,44.3
Employee_1999,Department_D,42.5
Employee_2000,Department_B,45.3
