participant_id,program_track,study_style,prior_score,study_hours_weekly,attendance_rate,support_sessions,satisfaction_level,final_score,completed
P001,Business,Self-paced,59.7,10.5,80.1,3,3,77.1,0
P002,Technology,Self-paced,77.9,4.9,88.9,1,2,67.9,1
P003,Data,Self-paced,68.7,2.5,71.8,0,3,81.1,0
P004,Technology,Mentored,62.4,1.4,68.5,1,3,65.9,0
P005,Business,Self-paced,75.3,2.6,68.5,2,3,69.6,1
P006,Business,Group,84.5,4.2,68.4,1,3,77.1,0
P007,Technology,Mentored,59.5,16.0,87.3,4,3,76.5,1
P008,Data,Mentored,53.4,6.8,70.6,4,2,70.0,1
P009,Technology,Group,40.3,2.4,75.3,1,2,51.8,0
P010,Technology,Group,70.8,1.8,63.5,1,1,70.4,0
P011,Technology,Mentored,43.1,3.1,71.1,4,1,52.1,1
P012,Data,Mentored,61.4,8.2,91.4,2,3,52.0,0
P013,Data,Self-paced,58.3,16.1,98.3,1,4,90.7,1
P014,Business,Self-paced,45.9,3.6,60.6,2,1,48.3,1
P015,Data,Mentored,73.4,13.6,76.4,4,4,82.1,1
P016,Technology,Mentored,82.7,10.5,78.3,2,5,85.1,1
P017,Data,Self-paced,49.7,8.6,88.4,0,2,63.5,1
P018,Business,Self-paced,60.8,10.1,73.0,1,3,72.6,1
P019,Technology,Group,74.6,4.5,66.8,1,3,83.2,0
P020,Data,Mentored,61.1,3.8,63.0,3,3,84.5,0
P021,Data,Group,74.6,6.8,95.7,0,3,89.1,0
P022,Technology,Group,60.5,8.5,83.3,2,4,85.2,1
P023,Business,Self-paced,38.2,7.7,81.4,1,3,63.4,1
P024,Data,Self-paced,55.7,3.2,60.8,3,2,56.9,0
P025,Technology,Mentored,60.9,1.1,78.5,4,3,64.5,0
P026,Technology,Self-paced,45.4,2.6,59.4,2,1,58.5,0
P027,Data,Mentored,63.3,5.8,69.6,1,4,71.9,0
P028,Business,Group,59.9,14.4,73.3,2,3,90.7,1
P029,Data,Mentored,77.4,6.5,85.6,2,3,85.2,1
P030,Data,Self-paced,66.7,2.7,72.8,0,3,79.0,1
P031,Technology,Group,59.0,15.4,76.6,2,4,88.1,1
P032,Data,Mentored,76.0,8.0,89.6,1,5,89.9,1
P033,Data,Self-paced,74.1,7.8,72.2,0,1,67.1,0
P034,Data,Self-paced,53.9,7.5,85.9,3,3,89.3,1
P035,Technology,Mentored,56.5,1.6,68.7,2,3,58.7,0
P036,Technology,Mentored,48.4,4.7,74.0,1,4,68.7,0
P037,Business,Group,84.3,8.0,93.0,2,5,86.3,0
P038,Data,Group,40.8,6.7,88.9,0,4,73.0,1
P039,Business,Group,50.8,3.4,75.4,1,3,72.7,0
P040,Technology,Mentored,47.4,6.1,82.0,1,4,63.2,0
P041,Technology,Self-paced,76.4,18,84.0,2,5,100,1
P042,Technology,Self-paced,82.4,8.2,81.0,1,2,73.8,1
P043,Data,Mentored,64.7,6.4,86.6,1,3,60.6,1
P044,Technology,Group,50.8,8.2,86.6,1,3,72.3,1
P045,Business,Mentored,34.9,13.2,78.7,2,4,60.8,1
P046,Business,Group,52.6,7.7,64.1,3,2,64.1,0
P047,Data,Group,81.5,2.9,83.7,2,4,74.6,0
P048,Technology,Self-paced,55.1,5.5,60.2,2,1,64.9,1
P049,Technology,Self-paced,76.5,1,83.1,3,2,73.8,0
P050,Business,Mentored,55.3,6.6,78.0,2,3,74.9,0
P051,Data,Self-paced,50.9,4.8,61.7,1,2,57.2,0
P052,Data,Group,55.1,3.1,65.5,4,1,59.2,0
P053,Technology,Mentored,52.0,7.6,74.0,2,3,70.4,0
P054,Technology,Self-paced,68.9,4.6,82.7,2,1,71.9,1
P055,Data,Self-paced,70.1,9.1,83.4,1,3,72.1,1
P056,Data,Self-paced,67.0,10.7,79.2,3,2,70.3,1
P057,Data,Self-paced,51.2,8.2,86.7,1,4,79.7,0
P058,Data,Mentored,70.3,3.9,61.5,2,1,65.8,0
P059,Business,Self-paced,72.8,4.5,74.0,3,1,59.9,0
P060,Business,Mentored,54.9,6.3,71.6,4,3,66.4,1
P061,Data,Group,65.2,2.0,59.7,1,2,57.5,0
P062,Data,Self-paced,66.7,9.1,57.0,0,2,75.2,0
P063,Data,Mentored,73.7,1.6,58.9,3,2,65.9,0
P064,Business,Group,53.0,6.2,90.3,1,2,59.8,0
P065,Data,Mentored,66.8,11.1,75.3,4,4,84.1,0
P066,Technology,Group,62.7,4.4,69.1,4,3,69.6,1
P067,Business,Mentored,55.4,1.1,75.8,3,3,75.9,1
P068,Business,Group,70.1,1.1,70.9,1,1,63.8,0
P069,Data,Mentored,51.3,1.7,77.1,2,4,71.3,0
P070,Technology,Mentored,36.5,6.6,94.1,2,3,60.4,0
P071,Data,Self-paced,68.7,2.1,62.3,2,1,57.3,0
P072,Technology,Self-paced,62.3,7.0,59.8,0,2,76.6,1
P073,Technology,Group,71.5,2.3,66.7,1,3,74.3,1
P074,Technology,Self-paced,50.1,12.4,72.2,2,2,70.0,0
P075,Technology,Group,74.0,5.8,96.1,2,4,78.7,1
P076,Business,Group,75.0,3.1,91.7,2,3,71.5,0
P077,Data,Mentored,39.4,9.3,81.8,4,4,64.6,1
P078,Business,Self-paced,61.1,4.4,73.9,0,3,86.7,1
P079,Technology,Self-paced,58.7,6.5,73.6,0,2,65.7,0
P080,Technology,Self-paced,79.1,2.7,67.8,1,2,61.7,0
P081,Data,Group,80.2,10.5,100,0,4,91.3,1
P082,Technology,Mentored,63.6,10.1,68.9,6,2,78.5,0
P083,Technology,Mentored,60.6,2.9,72.7,1,2,64.4,1
P084,Business,Self-paced,70.9,4.4,68.6,0,2,72.1,1
P085,Technology,Self-paced,52.4,6.4,73.6,1,2,65.6,0
P086,Data,Group,72.1,18,78.7,1,5,100,1
P087,Technology,Mentored,49.8,18,92.0,2,4,82.1,1
P088,Data,Group,60.6,10.5,83.6,2,4,80.8,1
P089,Technology,Mentored,54.8,1,88.3,3,3,64.0,1
P090,Data,Mentored,51.2,7.2,72.9,4,2,63.3,0
P091,Data,Self-paced,55.1,3.6,68.8,2,1,64.6,1
P092,Data,Self-paced,89.0,2.1,67.6,1,1,72.4,0
P093,Business,Self-paced,67.5,6.9,81.6,2,2,74.9,0
P094,Business,Mentored,62.6,3.6,75.3,4,2,77.7,1
P095,Business,Group,56.6,3.0,79.8,1,2,67.7,1
P096,Data,Self-paced,61.4,9.8,63.2,1,3,76.0,0
P097,Business,Mentored,68.7,10.2,94.7,2,5,91.4,1
P098,Technology,Group,49.9,4.1,71.9,2,2,74.6,1
P099,Data,Self-paced,44.5,6.6,83.0,0,2,53.7,1
P100,Data,Mentored,77.8,11.2,76.7,2,4,88.3,1
P101,Data,Mentored,82.9,9.1,81.7,4,4,97.9,1
P102,Technology,Group,73.7,2.4,60.7,4,4,76.2,0
P103,Business,Self-paced,85.4,1.5,77.2,1,3,68.3,1
P104,Technology,Mentored,28.5,1.8,75.1,1,2,41.5,0
P105,Data,Group,66.6,2.2,58.9,3,1,60.3,1
P106,Data,Self-paced,52.3,5.4,65.9,2,2,57.0,0
P107,Data,Self-paced,61.4,7.8,84.7,0,4,66.3,1
P108,Data,Mentored,70.8,9.5,78.7,1,3,71.0,1
P109,Data,Group,70.0,5.6,60.1,1,1,58.6,0
P110,Technology,Group,57.7,11.3,75.5,2,2,66.6,0
P111,Business,Group,63.2,6.6,63.4,4,2,59.9,1
P112,Data,Mentored,78.5,8.7,91.2,4,5,100,1
P113,Business,Group,58.7,10.8,72.2,2,2,69.1,0
P114,Business,Mentored,58.2,8.1,72.0,5,1,53.5,0
P115,Business,Self-paced,55.8,1.8,77.2,3,2,64.0,1
P116,Business,Self-paced,41.9,11.2,78.2,1,2,67.8,0
P117,Business,Self-paced,66.3,3.9,60.7,1,2,60.0,0
P118,Data,Mentored,79.0,2.4,74.3,1,3,72.0,1
P119,Business,Group,64.9,6.8,72.7,2,2,67.9,1
P120,Data,Self-paced,66.1,7.6,64.7,3,3,78.6,1
P121,Business,Self-paced,69.8,8.8,69.8,1,4,77.5,1
P122,Technology,Mentored,73.5,2.8,75.1,4,4,89.5,1
P123,Technology,Group,68.2,9.4,84.6,4,2,72.0,1
P124,Technology,Group,56.4,6.7,85.7,2,5,85.0,1
P125,Data,Group,63.4,2.0,50.0,3,2,61.1,0
P126,Technology,Group,47.8,13.6,87.9,3,5,89.2,1
P127,Data,Mentored,40.2,10.1,78.3,4,3,64.9,1
P128,Business,Self-paced,60.8,7.5,76.1,1,2,70.8,1
P129,Business,Mentored,60.4,5.2,81.0,3,4,77.1,1
P130,Business,Group,49.3,11.4,72.7,2,2,80.3,1
P131,Business,Self-paced,56.8,2.4,68.7,3,2,68.9,1
P132,Data,Mentored,55.0,4.7,63.1,5,3,69.7,1
P133,Technology,Mentored,59.9,2.4,73.1,1,3,68.6,0
P134,Technology,Self-paced,66.2,8.4,64.7,3,2,69.7,0
P135,Technology,Group,78.9,3.3,75.6,3,5,83.6,1
P136,Business,Mentored,71.1,11.7,55.5,3,2,66.8,0
P137,Technology,Self-paced,55.8,12.9,69.5,1,2,77.0,0
P138,Technology,Group,53.9,6.5,73.0,3,3,69.3,0
P139,Technology,Mentored,74.6,2.5,60.9,4,2,69.6,1
P140,Technology,Self-paced,57.1,1.4,46.2,1,1,53.3,0
P141,Business,Self-paced,61.0,4.1,73.0,1,2,64.5,1
P142,Technology,Self-paced,48.6,2.1,88.5,2,3,65.6,1
P143,Data,Group,57.6,4.2,59.4,2,3,69.6,1
P144,Technology,Self-paced,49.9,8.9,79.0,1,3,76.4,1
P145,Technology,Group,39.3,12.9,73.7,1,2,67.0,0
P146,Data,Mentored,82.5,2.8,73.0,1,4,78.1,0
P147,Technology,Group,48.6,5.7,73.3,1,2,63.4,1
P148,Data,Group,59.8,3.9,71.2,3,2,55.3,1
P149,Business,Group,64.1,13.2,85.3,2,3,92.2,1
P150,Business,Mentored,58.3,13.1,75.6,4,3,79.6,1
P151,Data,Group,84.1,8.7,72.7,3,5,80.0,1
P152,Business,Self-paced,55.7,6.2,76.6,1,3,79.6,0
P153,Data,Group,68.9,3.0,68.2,0,3,83.5,0
P154,Data,Mentored,63.6,11.8,92.6,4,4,85.3,1
P155,Data,Mentored,53.6,4.8,92.0,1,5,88.8,1
P156,Data,Group,37.3,6.1,66.7,1,2,60.5,0
P157,Business,Group,72.5,1.6,70.1,2,2,65.8,0
P158,Data,Self-paced,58.8,4.9,58.2,0,1,60.1,0
P159,Business,Self-paced,67.6,7.0,66.7,1,3,67.8,0
P160,Data,Group,75.7,2.5,85.5,4,5,84.8,1
P161,Data,Group,80.0,9.0,67.4,4,4,81.9,1
P162,Technology,Self-paced,61.2,14.4,73.6,1,2,89.6,1
P163,Technology,Self-paced,59.6,5.7,67.7,1,2,65.4,1
P164,Data,Group,52.0,7.6,62.1,1,1,44.2,1
P165,Business,Self-paced,74.6,6.5,56.9,1,1,59.8,1
P166,Business,Group,66.2,8.0,76.2,1,2,68.5,1
P167,Technology,Self-paced,48.7,6.9,85.7,1,2,67.2,1
P168,Technology,Mentored,43.5,6.0,69.7,3,2,65.0,1
P169,Business,Mentored,49.2,11.1,81.0,1,3,70.7,0
P170,Data,Self-paced,45.1,8.7,50.2,0,1,70.1,0
P171,Data,Self-paced,57.2,10.8,68.7,1,1,73.6,1
P172,Technology,Mentored,56.8,18,98.6,1,4,80.5,1
P173,Technology,Self-paced,69.0,3.4,81.5,0,4,90.2,1
P174,Business,Group,50.9,11.7,74.9,2,2,74.1,0
P175,Technology,Mentored,78.8,6.0,78.6,0,4,70.7,1
P176,Data,Mentored,66.1,9.1,90.0,2,4,82.6,1
P177,Technology,Group,53.3,4.1,70.7,2,4,77.4,1
P178,Data,Mentored,49.9,8.9,83.2,2,4,85.5,1
P179,Data,Self-paced,48.8,10.7,67.6,0,2,94.1,1
P180,Business,Self-paced,66.0,10.2,75.3,0,3,71.3,1
P181,Data,Self-paced,64.5,5.9,85.4,0,2,67.9,0
P182,Data,Self-paced,75.2,1.4,69.2,0,3,67.7,0
P183,Business,Group,48.9,12.5,64.2,0,3,77.8,1
P184,Data,Mentored,52.3,6.1,85.7,1,3,78.0,1
P185,Technology,Group,46.5,6.4,89.6,3,2,75.3,1
P186,Business,Self-paced,73.0,7.5,86.4,3,4,79.9,1
P187,Technology,Mentored,71.8,7.9,94.0,3,4,92.6,1
P188,Data,Self-paced,44.6,1.6,69.9,1,1,51.0,0
P189,Technology,Group,44.3,11.1,70.4,2,3,70.9,0
P190,Technology,Self-paced,56.5,8.7,76.6,0,3,68.5,0
P191,Technology,Mentored,50.3,6.0,65.3,6,3,77.8,1
P192,Data,Self-paced,72.5,6.9,73.5,1,3,77.9,1
P193,Data,Self-paced,83.4,11.6,100,2,4,90.4,0
P194,Business,Self-paced,56.2,2.1,70.7,0,2,51.4,0
P195,Data,Self-paced,76.5,3.8,74.8,3,3,82.3,0
P196,Technology,Mentored,53.0,10.4,80.8,4,4,87.9,1
P197,Business,Mentored,80.3,6.5,67.3,3,4,94.5,1
P198,Technology,Self-paced,64.9,4.8,81.6,0,3,73.2,0
P199,Data,Self-paced,59.9,5.8,77.3,0,2,60.2,0
P200,Technology,Self-paced,66.3,8.4,63.0,1,4,79.8,1
P201,Business,Group,58.9,5.3,55.6,2,2,63.6,0
P202,Data,Group,68.4,7.7,69.5,4,3,77.3,1
P203,Technology,Self-paced,60.5,8.8,77.9,1,2,67.6,1
P204,Technology,Group,68.2,8.4,87.3,1,3,87.3,1
P205,Business,Self-paced,86.7,6.3,60.9,1,3,77.6,1
P206,Technology,Mentored,67.5,4.4,64.1,4,2,68.6,1
P207,Data,Group,59.7,3.0,66.5,2,2,61.9,0
P208,Technology,Mentored,75.8,4.0,87.3,1,5,99.6,1
P209,Data,Group,68.9,2.6,90.6,4,4,79.8,1
P210,Technology,Mentored,58.0,8.6,77.4,3,3,85.0,1
P211,Data,Group,63.8,5.0,79.6,2,3,75.2,0
P212,Technology,Self-paced,57.8,7.1,58.6,1,3,69.4,1
P213,Business,Mentored,53.0,9.7,71.1,4,3,67.3,0
P214,Technology,Self-paced,65.4,4.6,70.8,1,1,64.4,0
P215,Business,Mentored,64.8,5.5,82.5,1,3,69.6,0
P216,Technology,Self-paced,73.7,5.5,68.2,1,2,63.7,0
P217,Data,Self-paced,57.0,5.2,74.2,1,2,77.8,1
P218,Technology,Group,64.6,11.4,79.8,2,3,77.2,1
P219,Data,Self-paced,59.6,6.0,62.0,3,2,72.3,0
P220,Business,Group,66.5,10.4,89.5,3,4,95.2,0
P221,Business,Self-paced,82.3,3.5,73.9,2,3,82.2,1
P222,Data,Group,60.3,10.3,88.0,4,4,77.6,0
P223,Business,Mentored,84.9,8.7,81.8,3,4,82.0,1
P224,Data,Self-paced,51.0,3.9,79.6,1,3,72.1,0
P225,Business,Group,62.3,3.1,79.6,2,4,92.6,1
P226,Technology,Mentored,54.7,4.7,87.5,1,5,77.2,1
P227,Data,Group,62.0,9.4,83.6,2,4,86.8,1
P228,Technology,Mentored,61.2,18,82.4,1,3,81.4,0
P229,Technology,Group,39.6,1.6,77.1,1,2,46.6,1
P230,Business,Self-paced,67.3,10.1,64.9,0,1,67.8,0
P231,Technology,Self-paced,70.9,5.1,76.8,0,4,79.2,1
P232,Data,Mentored,45.1,2.7,79.9,2,4,74.7,1
P233,Business,Group,40.0,1.8,66.2,2,1,50.5,0
P234,Data,Group,36.6,2.4,62.6,2,1,51.9,0
P235,Business,Mentored,42.8,18,87.1,2,3,71.9,0
P236,Data,Self-paced,56.8,14.2,73.1,1,3,92.1,1
P237,Technology,Group,68.3,4.8,75.1,0,2,76.6,0
P238,Data,Group,65.7,12.3,92.2,1,3,84.5,1
P239,Business,Group,62.0,4.5,83.8,1,5,82.0,0
P240,Technology,Group,73.9,6.1,85.7,3,5,74.8,1
