region_id,income_index,education_index,health_index,employment_index,digital_access_index
R050,54.7,46.4,56.9,55.5,53.0
R007,69.4,65.1,78.4,63.2,61.4
R011,44.1,46.4,52.7,53.6,48.6
R047,61.1,64.3,57.5,54.8,57.2
R060,41.7,28.8,34.1,40.1,28.7
R022,69.9,62.7,72.9,76.6,72.1
R009,47.1,39.9,50.2,48.9,39.7
R079,66.7,53.6,63.3,73.7,66.1
R072,30.8,29.2,23.2,38.3,33.4
R054,37.9,34.4,30.0,45.6,36.6
R039,52.0,42.9,33.5,44.1,35.4
R041,54.6,68.4,65.6,58.1,53.3
R028,67.9,68.6,62.1,60.7,64.1
R025,71.1,70.9,68.2,72.9,84.7
R002,60.4,55.5,55.0,53.1,46.8
R046,64.7,63.9,73.2,66.5,74.8
R037,69.7,64.5,64.9,75.1,66.5
R031,60.3,67.3,70.6,59.2,78.6
R044,51.4,47.0,47.5,63.3,59.1
R052,61.0,64.9,64.5,72.1,68.2
R048,47.6,34.2,35.2,37.6,34.2
R020,53.6,44.5,56.1,56.1,55.7
R083,62.4,56.2,60.0,64.1,57.2
R062,53.2,45.1,49.8,49.9,53.6
R038,62.0,57.8,52.5,66.6,46.0
R016,64.9,74.0,70.7,83.1,66.6
R081,44.4,48.1,43.6,50.5,30.9
R015,36.1,32.8,47.2,46.4,31.6
R010,68.0,77.5,69.7,69.6,73.4
R005,47.0,42.7,36.3,50.7,38.6
R055,74.5,78.1,84.8,63.5,89.0
R018,45.8,40.3,50.3,46.5,51.3
R066,37.2,37.9,38.9,45.1,35.1
R040,60.6,64.9,74.2,78.6,84.1
R029,57.7,66.9,70.4,54.8,57.9
R071,50.0,54.7,43.1,60.8,60.3
R086,55.9,56.6,54.1,52.9,46.0
R034,60.9,72.5,71.6,65.6,62.0
R013,76.5,84.4,77.7,78.5,68.3
R004,75.8,78.3,68.8,77.0,64.6
R073,66.5,63.2,73.5,63.2,66.7
R078,37.5,37.1,44.3,43.5,31.8
R084,39.0,32.0,42.0,35.3,30.6
R059,60.8,49.9,51.2,50.6,53.3
R001,73.0,68.7,61.8,71.5,69.4
R033,55.6,49.0,37.8,42.2,39.4
R058,67.1,73.3,72.1,68.1,69.8
R008,63.5,65.6,58.8,53.2,58.2
R051,37.7,35.9,34.6,39.0,37.8
R017,62.6,67.6,53.3,64.3,49.6
R065,46.1,52.6,57.7,62.9,47.0
R082,67.3,70.4,63.1,70.7,66.8
R089,50.6,55.5,59.9,54.6,49.3
R085,67.8,73.7,61.2,69.8,76.5
R077,53.4,51.6,55.1,51.6,53.8
R049,72.0,74.3,64.6,77.4,69.5
R069,39.3,36.1,38.1,43.3,34.8
R026,63.0,60.6,66.4,61.9,54.1
R064,81.6,82.2,78.7,77.9,80.2
R019,63.4,68.8,70.2,70.3,72.5
R032,60.2,55.4,55.4,69.5,46.6
R070,71.9,88.6,87.0,78.0,75.7
R027,41.0,24.4,33.6,53.6,37.7
R068,55.7,63.2,46.8,59.0,60.2
R021,58.4,46.3,46.8,48.3,47.6
R014,59.2,41.9,58.8,62.0,56.6
R042,41.2,40.1,43.0,53.1,17.9
R043,71.5,74.6,67.5,71.4,83.2
R053,54.1,48.4,59.3,60.1,65.3
R045,44.0,44.0,43.8,51.2,37.6
R080,58.5,53.5,55.8,53.3,53.1
R090,46.0,48.4,48.3,43.0,37.5
R063,39.3,35.1,38.6,35.3,39.5
R056,39.1,48.7,42.7,43.9,28.8
R075,50.6,40.7,39.4,52.5,45.7
R024,36.2,36.8,44.0,40.0,38.0
R036,37.4,25.9,41.9,42.5,28.7
R057,41.2,36.3,46.5,50.2,36.5
R067,79.5,70.0,72.1,73.4,65.3
R061,75.2,77.4,59.1,59.3,76.3
R023,60.2,57.2,51.3,57.0,56.3
R006,45.6,40.6,43.5,47.0,35.1
R088,66.2,55.6,54.7,64.2,57.1
R035,52.2,50.1,53.8,53.8,44.9
R003,42.3,43.2,36.0,42.8,44.7
R076,74.4,75.3,68.6,58.6,79.5
R074,57.3,54.6,57.8,54.5,47.2
R087,36.8,36.1,32.2,44.4,36.7
R030,38.9,33.9,33.9,34.9,23.7
R012,48.8,40.9,39.0,52.9,37.8
